{
    "position_in_meters": {
        "x": -0.3989019875507896,
        "y": -0.26056897522161376,
        "z": 0.9016283784746466
    },
    "rotation_euler_xyz_in_radians": {
        "roll": 0.24381808790748982,
        "pitch": 1.566159138628771,
        "yaw": 1.8107047568110008
    }
}