{
    "position_in_meters": {
        "x": -0.40164037956484927,
        "y": 0.2610946927304215,
        "z": 0.8992934449879572
    },
    "rotation_euler_xyz_in_radians": {
        "roll": -2.2893182628692332,
        "pitch": -1.5679130006855233,
        "yaw": -2.4281885575826574
    }
}