{
    "position_in_meters": {
        "x": -0.40141566357501485,
        "y": 0.32132548271821204,
        "z": 0.8993906598774959
    },
    "rotation_euler_xyz_in_radians": {
        "roll": -2.3171516421669685,
        "pitch": -1.5678409717576078,
        "yaw": -2.4006017414105525
    }
}