{
    "position_in_meters": {
        "x": -0.39882327482137897,
        "y": -0.32067771599877615,
        "z": 0.9015337628983418
    },
    "rotation_euler_xyz_in_radians": {
        "roll": 0.4117022786310308,
        "pitch": 1.566401780683123,
        "yaw": 1.9787345461300068
    }
}