{
    "position_in_meters": {
        "x": -0.07750439341207208,
        "y": 0.010548696514106524,
        "z": 0.4845041750478244
    },
    "rotation_euler_xyz_in_radians": {
        "roll": -1.5707963267948966,
        "pitch": 2.220446049250313e-16,
        "yaw": -0.36872119578059415
    }
}