{
    "position_in_meters": {
        "x": 0.13797263715603833,
        "y": -0.3690493045506318,
        "z": 0.5954946465626813
    },
    "rotation_euler_xyz_in_radians": {
        "roll": 3.1400806836704893,
        "pitch": 0.001449756708573613,
        "yaw": -1.5738273327899635
    }
}