{
    "position_in_meters": {
        "x": -0.002580488649864771,
        "y": -8.257606903755432e-05,
        "z": 0.8995863997919573
    },
    "rotation_euler_xyz_in_radians": {
        "roll": 2.174219095447514,
        "pitch": -1.5687359511121732,
        "yaw": -0.6085248151357727
    }
}