{
    "position_in_meters": {
        "x": -0.3987840030719872,
        "y": -0.2134109122664954,
        "z": 0.9016757659819505
    },
    "rotation_euler_xyz_in_radians": {
        "roll": 0.1434022290219643,
        "pitch": 1.5660255525186746,
        "yaw": 1.7107773643371469
    }
}