{
    "position_in_meters": {
        "x": -0.401572962473495,
        "y": 0.21385081949313942,
        "z": 0.8992513186068988
    },
    "rotation_euler_xyz_in_radians": {
        "roll": -2.5074142409955122,
        "pitch": -1.568054595061859,
        "yaw": -2.210152120754887
    }
}