{
    "position_in_meters": {
        "x": 0.0003478503636049103,
        "y": 0.1674023898549555,
        "z": 0.8711408824040946
    },
    "rotation_euler_xyz_in_radians": {
        "roll": -3.141592653589793,
        "pitch": 0.0,
        "yaw": -1.5707963267948966
    }
}{
    "position_in_meters": {
        "x": -0.046055589119359294,
        "y": -0.049583739160076634,
        "z": 0.6976801461514045
    },
    "rotation_euler_xyz_in_radians": {
        "roll": -3.141592653589793,
        "pitch": 0.0,
        "yaw": -1.5707963267948966
    }
}