{
    "position_in_meters": {
        "x": -0.06845611317417337,
        "y": 0.05983090816994709,
        "z": 0.21859306722112648
    },
    "rotation_euler_xyz_in_radians": {
        "roll": -3.141592653589793,
        "pitch": 0.0,
        "yaw": -1.5707963267948966
    }
}{
    "position_in_meters": {
        "x": 0.012828021938315608,
        "y": -0.1372856609265565,
        "z": 0.35262984320784396
    },
    "rotation_euler_xyz_in_radians": {
        "roll": -3.141592653589793,
        "pitch": 0.0,
        "yaw": -1.5707963267948966
    }
}