{
    "position_in_meters": {
        "x": -0.04426689759753915,
        "y": 0.08029235982661322,
        "z": 0.22514005110932642
    },
    "rotation_euler_xyz_in_radians": {
        "roll": -3.141592653589793,
        "pitch": 0.0,
        "yaw": -1.5707963267948966
    }
}{
    "position_in_meters": {
        "x": -0.08288183922067997,
        "y": -0.03466091739538469,
        "z": 0.2743428234285139
    },
    "rotation_euler_xyz_in_radians": {
        "roll": -3.141592653589793,
        "pitch": 0.0,
        "yaw": -1.5707963267948966
    }
}