{
    "position_in_meters": {
        "x": 0.06849071125730949,
        "y": 0.10843774306187742,
        "z": 0.9015406419542227
    },
    "rotation_euler_xyz_in_radians": {
        "roll": -3.141592653589793,
        "pitch": 0.0,
        "yaw": -1.5707963267948966
    }
}{
    "position_in_meters": {
        "x": 0.06273885704266813,
        "y": 0.05518803378331468,
        "z": 0.8968610202849819
    },
    "rotation_euler_xyz_in_radians": {
        "roll": -3.141592653589793,
        "pitch": 0.0,
        "yaw": -1.5707963267948966
    }
}