{
    "position_in_meters": {
        "x": -0.024335174981529213,
        "y": 0.15402401476135036,
        "z": 0.8724198439931155
    },
    "rotation_euler_xyz_in_radians": {
        "roll": -3.141592653589793,
        "pitch": 0.0,
        "yaw": -1.5707963267948966
    }
}{
    "position_in_meters": {
        "x": -0.04612522685089389,
        "y": -0.0490753527904053,
        "z": 0.6975999771263706
    },
    "rotation_euler_xyz_in_radians": {
        "roll": -3.141592653589793,
        "pitch": 0.0,
        "yaw": -1.5707963267948966
    }
}