{
    "position_in_meters": {
        "x": 0.05717853947184813,
        "y": 0.18331375928151042,
        "z": 0.8963858285577987
    },
    "rotation_euler_xyz_in_radians": {
        "roll": -3.141592653589793,
        "pitch": 0.0,
        "yaw": -1.5707963267948966
    }
}{
    "position_in_meters": {
        "x": -0.025012101533794004,
        "y": 0.15434342674535204,
        "z": 0.8740993394752797
    },
    "rotation_euler_xyz_in_radians": {
        "roll": -3.141592653589793,
        "pitch": 0.0,
        "yaw": -1.5707963267948966
    }
}