{
    "position_in_meters": {
        "x": -0.01473461243045213,
        "y": 0.28100320913066085,
        "z": 0.8204758507045784
    },
    "rotation_euler_xyz_in_radians": {
        "roll": -3.141592653589793,
        "pitch": 0.0,
        "yaw": -1.5707963267948966
    }
}{
    "position_in_meters": {
        "x": 0.009771347045898438,
        "y": 0.029004592448472977,
        "z": 0.8525016021728515
    },
    "rotation_euler_xyz_in_radians": {
        "roll": -3.141592653589793,
        "pitch": 0.0,
        "yaw": -1.5707963267948966
    }
}