{
    "position_in_meters": {
        "x": 0.05504005577817793,
        "y": 0.07083705253005365,
        "z": 0.13361633090158545
    },
    "rotation_euler_xyz_in_radians": {
        "roll": -3.141592653589793,
        "pitch": 0.0,
        "yaw": -1.5707963267948966
    }
}{
    "position_in_meters": {
        "x": 0.054753389193071496,
        "y": 0.004164320286288422,
        "z": 0.13896399868534623
    },
    "rotation_euler_xyz_in_radians": {
        "roll": -3.141592653589793,
        "pitch": 0.0,
        "yaw": -1.5707963267948966
    }
}