{
    "position_in_meters": {
        "x": 0.05045798734827438,
        "y": 0.18525799002443738,
        "z": 0.8862246131541982
    },
    "rotation_euler_xyz_in_radians": {
        "roll": -3.141592653589793,
        "pitch": 0.0,
        "yaw": -1.5707963267948966
    }
}{
    "position_in_meters": {
        "x": -0.021451662336879385,
        "y": 0.158563466687721,
        "z": 0.8716013089113209
    },
    "rotation_euler_xyz_in_radians": {
        "roll": -3.141592653589793,
        "pitch": 0.0,
        "yaw": -1.5707963267948966
    }
}