{
    "position_in_meters": {
        "x": -0.401394070768848,
        "y": 0.2729272127387837,
        "z": 0.899369663501859
    },
    "rotation_euler_xyz_in_radians": {
        "roll": -2.4986622765641986,
        "pitch": -1.5680921759885742,
        "yaw": -2.218955014440474
    }
}