{
    "position_in_meters": {
        "x": -0.39871650781317963,
        "y": -0.272455983241819,
        "z": 0.9016240888355418
    },
    "rotation_euler_xyz_in_radians": {
        "roll": 0.3170487090581522,
        "pitch": 1.566242540971896,
        "yaw": 1.8841002583724296
    }
}