{
    "position_in_meters": {
        "x": -0.059246412334357165,
        "y": 0.07666691520221053,
        "z": 0.4171172362015474
    },
    "rotation_euler_xyz_in_radians": {
        "roll": -1.5707963267948966,
        "pitch": 2.220446049250313e-16,
        "yaw": -1.2638387739564476
    }
}