{
    "position_in_meters": {
        "x": 0.13798081515732158,
        "y": -0.36904907301008805,
        "z": 0.5954891033874046
    },
    "rotation_euler_xyz_in_radians": {
        "roll": 3.140120903279765,
        "pitch": 0.0014210603065496485,
        "yaw": -1.573764845781643
    }
}