{
    "position_in_meters": {
        "x": -0.002465010221968181,
        "y": 2.2169498546387167e-05,
        "z": 0.8997070250086698
    },
    "rotation_euler_xyz_in_radians": {
        "roll": 2.0583625492962754,
        "pitch": -1.5687273572418172,
        "yaw": -0.4926336116143256
    }
}