{
    "position_in_meters": {
        "x": -0.4016109645421533,
        "y": 0.2166878459692086,
        "z": 0.8992569909221627
    },
    "rotation_euler_xyz_in_radians": {
        "roll": -2.4557967115355726,
        "pitch": -1.5680474087770255,
        "yaw": -2.2619471288969266
    }
}