{
    "position_in_meters": {
        "x": -0.3987964968855723,
        "y": -0.21613888693316433,
        "z": 0.9016824068357031
    },
    "rotation_euler_xyz_in_radians": {
        "roll": 0.17715919053394613,
        "pitch": 1.5660675017710273,
        "yaw": 1.744508319336611
    }
}