{
    "position_in_meters": {
        "x": -0.40165817965490735,
        "y": 0.28502351197086384,
        "z": 0.8993170664857528
    },
    "rotation_euler_xyz_in_radians": {
        "roll": -2.2184161458317444,
        "pitch": -1.5678341656682209,
        "yaw": -2.4991375436271266
    }
}