{
    "position_in_meters": {
        "x": -0.39893421055659867,
        "y": -0.2845343659747443,
        "z": 0.9015659246450943
    },
    "rotation_euler_xyz_in_radians": {
        "roll": 0.2557974717757062,
        "pitch": 1.5662163882090825,
        "yaw": 1.8226033712897554
    }
}