{
    "position_in_meters": {
        "x": 0.137979191030322,
        "y": -0.3690546041368655,
        "z": 0.5955020346568608
    },
    "rotation_euler_xyz_in_radians": {
        "roll": 3.1401001037245178,
        "pitch": 0.001477955807915654,
        "yaw": -1.573791318731065
    }
}