{
    "position_in_meters": {
        "x": -0.0024727909144795657,
        "y": -3.620714445595752e-06,
        "z": 0.899678850292136
    },
    "rotation_euler_xyz_in_radians": {
        "roll": 2.108852394538324,
        "pitch": -1.568779571996041,
        "yaw": -0.5430832121920468
    }
}