{
    "position_in_meters": {
        "x": -0.09412764347962518,
        "y": 0.043476686110125215,
        "z": 0.47412169994157405
    },
    "rotation_euler_xyz_in_radians": {
        "roll": -1.5707963267948968,
        "pitch": 2.220446049250313e-16,
        "yaw": -0.5825380069441544
    }
}