{
    "position_in_meters": {
        "x": -0.3985732897025031,
        "y": -0.2386582073135209,
        "z": 0.9016236302137722
    },
    "rotation_euler_xyz_in_radians": {
        "roll": 0.23495796006334002,
        "pitch": 1.5661276788950174,
        "yaw": 1.8018473317953707
    }
}