{
    "position_in_meters": {
        "x": -0.4013853635943512,
        "y": 0.23950480749596048,
        "z": 0.8992909137798609
    },
    "rotation_euler_xyz_in_radians": {
        "roll": -2.5312766889452036,
        "pitch": -1.5680823109155309,
        "yaw": -2.1863541321101105
    }
}