{
    "position_in_meters": {
        "x": -0.04545932211966667,
        "y": 0.012301934582880918,
        "z": 0.5258839130401611
    },
    "rotation_euler_xyz_in_radians": {
        "roll": 1.5707963267948966,
        "pitch": 2.220446049250313e-16,
        "yaw": 2.4814422160043286
    }
}