{
    "position_in_meters": {
        "x": -0.02658890257651607,
        "y": -0.06805123682560535,
        "z": 0.4720716686054722
    },
    "rotation_euler_xyz_in_radians": {
        "roll": -1.5707963267948966,
        "pitch": 2.220446049250313e-16,
        "yaw": -1.5707963267948966
    }
}