{
    "position_in_meters": {
        "x": -0.3987268333183798,
        "y": -0.2649326747438815,
        "z": 0.9015868259904785
    },
    "rotation_euler_xyz_in_radians": {
        "roll": 0.264882415016399,
        "pitch": 1.5661705091476836,
        "yaw": 1.832129776325813
    }
}