{
    "position_in_meters": {
        "x": -0.40140224713846645,
        "y": 0.2656635295141091,
        "z": 0.8993190167086096
    },
    "rotation_euler_xyz_in_radians": {
        "roll": -2.46375684746451,
        "pitch": -1.5680886735809754,
        "yaw": -2.2539111858347285
    }
}