{
    "position_in_meters": {
        "x": -0.003546357320599672,
        "y": 0.033731418781523206,
        "z": 0.26793638729863334
    },
    "rotation_euler_xyz_in_radians": {
        "roll": -1.5707963267948966,
        "pitch": 2.220446049250313e-16,
        "yaw": -1.5707963267948966
    }
}