{
    "position_in_meters": {
        "x": 0.13798167548191212,
        "y": -0.369043429248886,
        "z": 0.5954935435090793
    },
    "rotation_euler_xyz_in_radians": {
        "roll": 3.140129683663127,
        "pitch": 0.0014640088067199297,
        "yaw": -1.5737484891767801
    }
}