{
    "position_in_meters": {
        "x": -0.002540974290992995,
        "y": -4.2321148987001234e-05,
        "z": 0.8996534627753064
    },
    "rotation_euler_xyz_in_radians": {
        "roll": 2.112987883432921,
        "pitch": -1.5687207510592014,
        "yaw": -0.5472851523664858
    }
}