{
    "position_in_meters": {
        "x": -0.002510107157063295,
        "y": -1.3595325986381912e-05,
        "z": 0.8996557079530741
    },
    "rotation_euler_xyz_in_radians": {
        "roll": 2.1385459346916593,
        "pitch": -1.5687942412416933,
        "yaw": -0.5728547773085432
    }
}