{
    "position_in_meters": {
        "x": 0.13798226142965955,
        "y": -0.36905173645150174,
        "z": 0.5955121885831596
    },
    "rotation_euler_xyz_in_radians": {
        "roll": 3.1401159349059378,
        "pitch": 0.0015310402971788761,
        "yaw": -1.5737659720095905
    }
}