{
    "position_in_meters": {
        "x": -0.07092329628396636,
        "y": -0.03825484713255523,
        "z": 0.26841250529623384
    },
    "rotation_euler_xyz_in_radians": {
        "roll": -1.5707963267948966,
        "pitch": 2.220446049250313e-16,
        "yaw": -1.5707963267948966
    }
}