{
    "position_in_meters": {
        "x": 0.07269005626901463,
        "y": 0.2694472756480528,
        "z": 0.17749438291179154
    },
    "rotation_euler_xyz_in_radians": {
        "roll": -3.141592653589793,
        "pitch": 0.0,
        "yaw": -1.5707963267948966
    }
}{
    "position_in_meters": {
        "x": -0.05100285377468709,
        "y": -0.08247530304438341,
        "z": 0.6908645274696099
    },
    "rotation_euler_xyz_in_radians": {
        "roll": -3.141592653589793,
        "pitch": 0.0,
        "yaw": -1.5707963267948966
    }
}