{
    "position_in_meters": {
        "x": -0.030322096923030027,
        "y": 0.2843754701081363,
        "z": 0.8251471794614195
    },
    "rotation_euler_xyz_in_radians": {
        "roll": -3.141592653589793,
        "pitch": 0.0,
        "yaw": -1.5707963267948966
    }
}{
    "position_in_meters": {
        "x": 0.014800975873616328,
        "y": 0.06277491413490814,
        "z": 0.8905167258897833
    },
    "rotation_euler_xyz_in_radians": {
        "roll": -3.141592653589793,
        "pitch": 0.0,
        "yaw": -1.5707963267948966
    }
}