{
    "position_in_meters": {
        "x": -0.0025162330940726937,
        "y": -7.116076141000516e-05,
        "z": 0.8996015851862799
    },
    "rotation_euler_xyz_in_radians": {
        "roll": 2.1921306262733458,
        "pitch": -1.5687866657247962,
        "yaw": -0.6262816059726747
    }
}