{
    "position_in_meters": {
        "x": 0.1379870715569766,
        "y": -0.36903583789127703,
        "z": 0.595500857030555
    },
    "rotation_euler_xyz_in_radians": {
        "roll": 3.1401371179752324,
        "pitch": 0.0014615123553622933,
        "yaw": -1.5737680231561788
    }
}