{
    "position_in_meters": {
        "x": -0.0026269650413316956,
        "y": -9.235247393724055e-05,
        "z": 0.8995923503753361
    },
    "rotation_euler_xyz_in_radians": {
        "roll": 2.191080188318873,
        "pitch": -1.5687468594836151,
        "yaw": -0.6254639815922931
    }
}