{
    "position_in_meters": {
        "x": 0.1379687241881304,
        "y": -0.3690207123910749,
        "z": 0.595503022238391
    },
    "rotation_euler_xyz_in_radians": {
        "roll": 3.140083893660219,
        "pitch": 0.0014821362068910826,
        "yaw": -1.5737529752866775
    }
}