{
    "position_in_meters": {
        "x": -0.0024680732637028325,
        "y": -9.436431062770367e-06,
        "z": 0.8996852879046502
    },
    "rotation_euler_xyz_in_radians": {
        "roll": 2.09727178823251,
        "pitch": -1.5687859344069668,
        "yaw": -0.5314794954887859
    }
}