{
    "position_in_meters": {
        "x": 0.13797761057995492,
        "y": -0.36904346608948047,
        "z": 0.5955133203947323
    },
    "rotation_euler_xyz_in_radians": {
        "roll": 3.1401040168767196,
        "pitch": 0.0015436447386965035,
        "yaw": -1.5737462055112712
    }
}