{
    "position_in_meters": {
        "x": 0.13798245027093214,
        "y": -0.36906576372271327,
        "z": 0.5954990452109231
    },
    "rotation_euler_xyz_in_radians": {
        "roll": 3.1401368739631104,
        "pitch": 0.0014974440864432559,
        "yaw": -1.5737081779142437
    }
}