{
    "position_in_meters": {
        "x": -0.002593095184415581,
        "y": -0.00012316377209614648,
        "z": 0.899531402244689
    },
    "rotation_euler_xyz_in_radians": {
        "roll": 2.2388090470814364,
        "pitch": -1.5687295021986776,
        "yaw": -0.6730141768792808
    }
}