{
    "position_in_meters": {
        "x": -0.39882130349891454,
        "y": -0.3111905639689224,
        "z": 0.9014795599037188
    },
    "rotation_euler_xyz_in_radians": {
        "roll": 0.4038119634548155,
        "pitch": 1.5663317205996399,
        "yaw": 1.9707943704872717
    }
}