{
    "position_in_meters": {
        "x": -0.40128214001506973,
        "y": 0.3116224920826325,
        "z": 0.8994252729438513
    },
    "rotation_euler_xyz_in_radians": {
        "roll": -2.42682467402732,
        "pitch": -1.5679931501642324,
        "yaw": -2.290795597585169
    }
}