{
    "position_in_meters": {
        "x": 0.01724930801431672,
        "y": 0.04505004775522657,
        "z": 0.32232315929949273
    },
    "rotation_euler_xyz_in_radians": {
        "roll": -1.5707963267948966,
        "pitch": 2.220446049250313e-16,
        "yaw": -1.5707963267948966
    }
}