{
    "position_in_meters": {
        "x": -0.0835815031225922,
        "y": -0.009468746450729617,
        "z": 0.31154689663878987
    },
    "rotation_euler_xyz_in_radians": {
        "roll": -1.5707963267948966,
        "pitch": 2.220446049250313e-16,
        "yaw": -1.5707963267948966
    }
}